{
    "dbVersion": "2",
    "notifications": [
        {
            "title": "Feature YOUR stream on the Firebot website!",
            "message": "Hey there, Firebot users! Did you know YOUR stream could be featured on the Firebot website? Just go to <strong>Settings</strong>, then <strong>General</strong>, and enable the <strong>Feature My Stream</strong> setting. That's it! After that, whenever you're live on Twitch while running Firebot, your stream will automatically appear <a href=\"https://firebot.app/watch\">on our website</a>.",
            "type": "info",
            "source": "external",
            "externalId": "5.61-featured-streamers-reminder",
            "id": "74b2641d-69fb-4b87-848a-df84b114de78",
            "timestamp": "2024-08-29T21:01:56.842Z",
            "read": false,
            "saved": true
        }
    ],
    "knownExternalIds": [
        "5.61-featured-streamers-reminder"
    ]
}