{
    "streamer": {
        "username": "tinytreatery",
        "displayName": "TinyTreatery",
        "description": "i like to game (mostly Deceive Inc., Overwatch, and Fortnite) but i also like to bake :)",
        "channelId": "534536846",
        "userId": "534536846",
        "avatar": "https://static-cdn.jtvnw.net/jtv_user_pictures/78288105-a303-48e2-95c3-6bace589229e-profile_image-300x300.png",
        "broadcasterType": "affiliate",
        "auth": {
            "access_token": "4mcxt2wr0uqeopy99toiayc7qmktyw",
            "expires_in": 14203,
            "refresh_token": "wjqa68n6pz7pdqms34qc7hmn2wg0odj9phzvj5rmwquyqamm1l",
            "scope": [
                "bits:read",
                "channel:edit:commercial",
                "channel:manage:ads",
                "channel:manage:broadcast",
                "channel:manage:moderators",
                "channel:manage:polls",
                "channel:manage:predictions",
                "channel:manage:raids",
                "channel:manage:redemptions",
                "channel:manage:schedule",
                "channel:manage:videos",
                "channel:manage:vips",
                "channel:moderate",
                "channel:read:ads",
                "channel:read:charity",
                "channel:read:editors",
                "channel:read:goals",
                "channel:read:hype_train",
                "channel:read:polls",
                "channel:read:predictions",
                "channel:read:redemptions",
                "channel:read:stream_key",
                "channel:read:subscriptions",
                "channel:read:vips",
                "chat:edit",
                "chat:read",
                "clips:edit",
                "moderation:read",
                "moderator:manage:announcements",
                "moderator:manage:automod",
                "moderator:manage:automod_settings",
                "moderator:manage:banned_users",
                "moderator:manage:blocked_terms",
                "moderator:manage:chat_messages",
                "moderator:manage:chat_settings",
                "moderator:manage:shield_mode",
                "moderator:manage:shoutouts",
                "moderator:manage:unban_requests",
                "moderator:read:automod_settings",
                "moderator:read:blocked_terms",
                "moderator:read:chat_settings",
                "moderator:read:chatters",
                "moderator:read:followers",
                "moderator:read:moderators",
                "moderator:read:shield_mode",
                "moderator:read:shoutouts",
                "moderator:read:unban_requests",
                "moderator:read:vips",
                "user:edit:broadcast",
                "user:manage:blocked_users",
                "user:manage:whispers",
                "user:read:blocked_users",
                "user:read:broadcast",
                "user:read:chat",
                "user:read:emotes",
                "user:read:follows",
                "user:read:subscriptions",
                "user:write:chat",
                "whispers:edit",
                "whispers:read"
            ],
            "token_type": "bearer",
            "obtainment_timestamp": 1724980965528,
            "expires_at": "2024-08-30T05:18:28.528Z"
        },
        "loggedIn": true
    },
    "bot": {
        "username": "tinytreatronic",
        "displayName": "tinytreatronic",
        "description": "",
        "channelId": "975156677",
        "userId": "975156677",
        "avatar": "https://static-cdn.jtvnw.net/jtv_user_pictures/82f50010-58f8-4e87-8e83-db470d89b120-profile_image-300x300.png",
        "broadcasterType": "",
        "auth": {
            "access_token": "ha8yydahbdghh4bawihcyup80lslci",
            "expires_in": 15777,
            "refresh_token": "3thniuloyv9fd156ot9lzf517grhr7o687bpxecowj3euqv4en",
            "scope": [
                "channel:moderate",
                "chat:edit",
                "chat:read",
                "moderator:manage:announcements",
                "user:manage:whispers",
                "user:read:chat",
                "user:read:emotes",
                "user:write:chat",
                "whispers:edit",
                "whispers:read"
            ],
            "token_type": "bearer",
            "obtainment_timestamp": 1724983703603,
            "expires_at": "2024-08-30T06:30:20.603Z"
        },
        "loggedIn": true
    }
}